Workbook

Sheet Overview
A1: Overview
A2: Counts are calculated from the Resource Types sheet.
A4: Area | B4: Resource types | C4: Qualifier required | D4: No qualifier | E4: Global (no region)
A5: Identity and governance | B5: =COUNTIF('Resource Types'!$A$5:$A$113,A5) -> 8 | C5: =COUNTIFS('Resource Types'!$A$5:$A$113,A5,'Resource Types'!$G$5:$G$113,"Required") -> 3 | D5: =B5-C5 -> 5 | E5: =COUNTIFS('Resource Types'!$A$5:$A$113,A5,'Resource Types'!$E$5:$E$113,"Global") -> 8
A6: Networking | B6: =COUNTIF('Resource Types'!$A$5:$A$113,A6) -> 26 | C6: =COUNTIFS('Resource Types'!$A$5:$A$113,A6,'Resource Types'!$G$5:$G$113,"Required") -> 8 | D6: =B6-C6 -> 18 | E6: =COUNTIFS('Resource Types'!$A$5:$A$113,A6,'Resource Types'!$E$5:$E$113,"Global") -> 0
A7: Compute | B7: =COUNTIF('Resource Types'!$A$5:$A$113,A7) -> 15 | C7: =COUNTIFS('Resource Types'!$A$5:$A$113,A7,'Resource Types'!$G$5:$G$113,"Required") -> 5 | D7: =B7-C7 -> 10 | E7: =COUNTIFS('Resource Types'!$A$5:$A$113,A7,'Resource Types'!$E$5:$E$113,"Global") -> 0
A8: Kubernetes (OKE) | B8: =COUNTIF('Resource Types'!$A$5:$A$113,A8) -> 3 | C8: =COUNTIFS('Resource Types'!$A$5:$A$113,A8,'Resource Types'!$G$5:$G$113,"Required") -> 0 | D8: =B8-C8 -> 3 | E8: =COUNTIFS('Resource Types'!$A$5:$A$113,A8,'Resource Types'!$E$5:$E$113,"Global") -> 0
A9: Databases | B9: =COUNTIF('Resource Types'!$A$5:$A$113,A9) -> 12 | C9: =COUNTIFS('Resource Types'!$A$5:$A$113,A9,'Resource Types'!$G$5:$G$113,"Required") -> 4 | D9: =B9-C9 -> 8 | E9: =COUNTIFS('Resource Types'!$A$5:$A$113,A9,'Resource Types'!$E$5:$E$113,"Global") -> 0
A10: Storage | B10: =COUNTIF('Resource Types'!$A$5:$A$113,A10) -> 3 | C10: =COUNTIFS('Resource Types'!$A$5:$A$113,A10,'Resource Types'!$G$5:$G$113,"Required") -> 1 | D10: =B10-C10 -> 2 | E10: =COUNTIFS('Resource Types'!$A$5:$A$113,A10,'Resource Types'!$E$5:$E$113,"Global") -> 0
A11: Security | B11: =COUNTIF('Resource Types'!$A$5:$A$113,A11) -> 8 | C11: =COUNTIFS('Resource Types'!$A$5:$A$113,A11,'Resource Types'!$G$5:$G$113,"Required") -> 3 | D11: =B11-C11 -> 5 | E11: =COUNTIFS('Resource Types'!$A$5:$A$113,A11,'Resource Types'!$E$5:$E$113,"Global") -> 0
A12: Integration and application services | B12: =COUNTIF('Resource Types'!$A$5:$A$113,A12) -> 11 | C12: =COUNTIFS('Resource Types'!$A$5:$A$113,A12,'Resource Types'!$G$5:$G$113,"Required") -> 1 | D12: =B12-C12 -> 10 | E12: =COUNTIFS('Resource Types'!$A$5:$A$113,A12,'Resource Types'!$E$5:$E$113,"Global") -> 0
A13: Observability | B13: =COUNTIF('Resource Types'!$A$5:$A$113,A13) -> 7 | C13: =COUNTIFS('Resource Types'!$A$5:$A$113,A13,'Resource Types'!$G$5:$G$113,"Required") -> 2 | D13: =B13-C13 -> 5 | E13: =COUNTIFS('Resource Types'!$A$5:$A$113,A13,'Resource Types'!$E$5:$E$113,"Global") -> 0
A14: Data and analytics | B14: =COUNTIF('Resource Types'!$A$5:$A$113,A14) -> 9 | C14: =COUNTIFS('Resource Types'!$A$5:$A$113,A14,'Resource Types'!$G$5:$G$113,"Required") -> 0 | D14: =B14-C14 -> 9 | E14: =COUNTIFS('Resource Types'!$A$5:$A$113,A14,'Resource Types'!$E$5:$E$113,"Global") -> 0
A15: DevOps and disaster recovery | B15: =COUNTIF('Resource Types'!$A$5:$A$113,A15) -> 7 | C15: =COUNTIFS('Resource Types'!$A$5:$A$113,A15,'Resource Types'!$G$5:$G$113,"Required") -> 0 | D15: =B15-C15 -> 7 | E15: =COUNTIFS('Resource Types'!$A$5:$A$113,A15,'Resource Types'!$E$5:$E$113,"Global") -> 0
A16: Total | B16: =SUM(B5:B15) -> 109 | C16: =SUM(C5:C15) -> 27 | D16: =SUM(D5:D15) -> 82 | E16: =SUM(E5:E15) -> 8
A18: Pattern
A19: Pattern | B19: <org>-<env>-<rgn>-<type>-<app>[-<qual>]-<nn>
A20: org | B20: cmr
A21: env | B21: dev, uat, prd
A22: rgn | B22: cas (Casablanca), jnb (Johannesburg); none for Global types
A23: Example | B23: cmr-prd-cas-vm-cbs-ol-01
A25: See OCI_Naming_Qualifier_Codes.xlsx for when to choose each qualifier code and the name builder.

Sheet Resource Types
A1: OCI Naming Standard (cmr) - All resource types and their codes
A2: Copy the type code into the <type> field. Scope Global = no region field. Qualifier Required = select one of the allowed codes; None = no qualifier.
A4: Area | B4: Type code | C4: OCI resource | D4: What it is | E4: Scope | F4: Region field | G4: Qualifier | H4: Allowed qualifier codes (select one) | I4: Example name
A5: Identity and governance | B5: pol | C5: IAM policy | D5: A set of permission statements | E5: Global | F5: =IF(E5="Global","No","Yes (cas/jnb)") -> No | G5: Required | H5: admin, oper, read, audit, deploy, brkgl | I5: cmr-prd-pol-cbs-oper-01
A6: Identity and governance | B6: grp | C6: IAM group | D6: A group of users | E6: Global | F6: =IF(E6="Global","No","Yes (cas/jnb)") -> No | G6: Required | H6: admin, oper, read, audit, deploy, brkgl | I6: cmr-prd-grp-cbs-admin-01
A7: Identity and governance | B7: dgp | C7: Dynamic group | D7: A group of OCI resources that act as principals | E7: Global | F7: =IF(E7="Global","No","Yes (cas/jnb)") -> No | G7: Required | H7: fn, vm, oke, adb, dis, dfa, apg | I7: cmr-prd-dgp-pay-fn-01
A8: Identity and governance | B8: idd | C8: Identity domain | D8: A user directory in OCI IAM | E8: Global | F8: =IF(E8="Global","No","Yes (cas/jnb)") -> No | G8: None | H8: - | I8: cmr-prd-idd-wkf-01
A9: Identity and governance | B9: qta | C9: Quota policy | D9: Limits on services or regions for a compartment | E9: Global | F9: =IF(E9="Global","No","Yes (cas/jnb)") -> No | G9: None | H9: - | I9: cmr-prd-qta-cbs-01
A10: Identity and governance | B10: bgt | C10: Budget | D10: Cost budget and alerts | E10: Global | F10: =IF(E10="Global","No","Yes (cas/jnb)") -> No | G10: None | H10: - | I10: cmr-prd-bgt-cbs-01
A11: Identity and governance | B11: szn | C11: Security zone | D11: Enforced security posture on a compartment | E11: Global | F11: =IF(E11="Global","No","Yes (cas/jnb)") -> No | G11: None | H11: - | I11: cmr-prd-szn-cbs-01
A12: Identity and governance | B12: cgt | C12: Cloud Guard target | D12: Compartment scope monitored by Cloud Guard | E12: Global | F12: =IF(E12="Global","No","Yes (cas/jnb)") -> No | G12: None | H12: - | I12: cmr-prd-cgt-soc-01
A13: Networking | B13: vcn | C13: Virtual cloud network | D13: Private network | E13: Regional | F13: =IF(E13="Global","No","Yes (cas/jnb)") -> Yes (cas/jnb) | G13: None | H13: - | I13: cmr-prd-cas-vcn-01
A14: Networking | B14: snt | C14: Subnet | D14: IP range inside a VCN | E14: Regional | F14: =IF(E14="Global","No","Yes (cas/jnb)") -> Yes (cas/jnb) | G14: Required | H14: dmz, lb, web, app, db, wrk, kapi, pod, mgmt, pe, fw, itg | I14: cmr-prd-cas-snt-cbs-db-01
A15: Networking | B15: nsg | C15: Network security group | D15: Firewall rules for a group of VNICs | E15: Regional | F15: =IF(E15="Global","No","Yes (cas/jnb)") -> Yes (cas/jnb) | G15: Required | H15: dmz, lb, web, app, db, wrk, kapi, pod, mgmt, pe, fw, itg | I15: cmr-prd-cas-nsg-cbs-app-01
A16: Networking | B16: scl | C16: Security list | D16: Firewall rules for a subnet | E16: Regional | F16: =IF(E16="Global","No","Yes (cas/jnb)") -> Yes (cas/jnb) | G16: Required | H16: dmz, lb, web, app, db, wrk, kapi, pod, mgmt, pe, fw, itg | I16: cmr-prd-cas-scl-cbs-db-01
... A113: DevOps and disaster recovery | B113: dpg | C113: Full Stack DR protection group | D113: Set of resources failed over together | E113: Regional | F113: =IF(E113="Global","No","Yes (cas/jnb)") -> Yes (cas/jnb) | G113: None | H113: - | I113: cmr-prd-cas-dpg-01
