Workbook

Sheet How to use
A1: OCI Resource Naming Register - How to use
A2: Follows the OCI Naming Standard (cmr). Names only - tagging is out of scope for this phase.
A4: Version | B4: 0.1 (draft)
A5: Owner
A6: Approver
A7: Architecture document
A8: Last updated | B8: 46300
A10: Steps
A11: 1. Compartments tab: confirm the compartment tree and enter the tenancy name.
A12: 2. Naming Register tab: one row per resource on the architecture diagram, including ones the diagram does not draw (route tables, security lists, NSGs, policies, vault keys, log groups...).
A13: 3. Fill the yellow cells: ID, diagram ref, type code, purpose, compartment, env, region, app, qualifier, number.
A14: 4. The resource name appears in the green column. Do not type names by hand.
A15: 5. The Check column must read OK. If it doesn't, it tells you what to fix.
A16: 6. Short name / DNS label: fill only where OCI needs one (VCN, subnet, hostnames, Oracle DB name) - see the note on that header.
A17: 7. Set Status: Draft -> Approved (after review) -> Created (after the build).
A19: Rules to remember
A20: - env: dev, uat or prd only. DR copies are prd with the other region (jnb).
A21: - region: cas or jnb. Leave blank for global types (IAM policy, group, dynamic group, budget...).
A22: - Qualifier: only when the type requires one; pick from the Allowed qualifiers column.
... A24: - New application codes must be approved by the Application Register owner before use (Codes tab).
A26: Colour | B26: Meaning
A27: Yellow | B27: Fill in
A28: Grey | B28: Automatic - do not type
A29: Green | B29: Final name to use

Sheet Naming Register
A1: OCI Naming Register
A2: Pattern: cmr-<env>-<rgn>-<type>-<app>[-<qual>]-<nn>. Yellow = fill in, grey = automatic, green = the name to use. Check must read OK.
A4: ID | B4: Diagram ref | C4: Type code | D4: OCI resource | E4: Purpose | F4: Compartment | G4: Env | H4: Region | I4: App | J4: Qualifier | K4: Allowed qualifiers | L4: No. | M4: RESOURCE NAME | N4: Check | O4: Short name / DNS label | P4: Status | Q4: Notes
A5: RES-001 | B5: D-01 | C5: vcn | D5: =IF(C5="","",IFERROR(VLOOKUP(C5,Codes!$J$8:$O$117,2,FALSE),"Unknown type")) -> Virtual cloud network | E5: Production VCN for core banking | F5: cmr-prd-net | G5: prd | H5: cas | I5: cbs | K5: =IF(C5="","",IFERROR(VLOOKUP(C5,Codes!$J$8:$O$117,6,FALSE),"")) -> - | L5: 1 | M5: =IF(C5="","",LOWER(Codes!$B$4&"-"&G5&IF(H5="","","-"&H5)&"-"&C5&"-"&I5&IF(J5="","","-"&J5)&"-"&IF(L5="","01",TEXT(L5,"00")))) -> cmr-prd-cas-vcn-cbs-01 | N5: =IF(C5="","",IF(ISNA(MATCH(C5,Codes!$J$8:$J$117,0)),"Unknown type code",IF(OR(G5="",I5=""),"Env and app required",IF(AND(VLOOKUP(C5,Codes!$J$8:$O$117,4,FALSE)="Global",H5<>""),"Global type: leave region blank",IF(AND(VLOOKUP(C5,Codes!$J$8:$O$117,4,FALSE)<>"Global",H5=""),"Region required",IF(AND(VLOOKUP(C5,Codes!$J$8:$O$117,5,FALSE)="Required",J5=""),"Qualifier required",IF(AND(VLOOKUP(C5,Codes!$J$8:$O$117,5,FALSE)="None",J5<>""),"This type takes no qualifier",IF(AND(J5<>"",VLOOKUP(C5,Codes!$J$8:$O$117,6,FALSE)<>"-",ISERROR(SEARCH(", "&J5&",",", "&VLOOKUP(C5,Codes!$J$8:$O$117,6,FALSE)&","))),"Qualifier not in allowed list",IF(COUNTIF($M$5:$M$304,M5)>1,"Duplicate name","OK"))))))))) -> OK | O5: cmrpcascbs01 | P5: Draft | Q5: EXAMPLE - DNS label = Compact Name (max 15)
A6: RES-002 | B6: D-01 | C6: snt | D6: =IF(C6="","",IFERROR(VLOOKUP(C6,Codes!$J$8:$O$117,2,FALSE),"Unknown type")) -> Subnet | E6: Database subnet | F6: cmr-prd-net | G6: prd | H6: cas | I6: cbs | J6: db | K6: =IF(C6="","",IFERROR(VLOOKUP(C6,Codes!$J$8:$O$117,6,FALSE),"")) -> dmz, lb, web, app, db, wrk, kapi, pod, mgmt, pe, fw, itg | L6: 1 | M6: =IF(C6="","",LOWER(Codes!$B$4&"-"&G6&IF(H6="","","-"&H6)&"-"&C6&"-"&I6&IF(J6="","","-"&J6)&"-"&IF(L6="","01",TEXT(L6,"00")))) -> cmr-prd-cas-snt-cbs-db-01 | N6: =IF(C6="","",IF(ISNA(MATCH(C6,Codes!$J$8:$J$117,0)),"Unknown type code",IF(OR(G6="",I6=""),"Env and app required",IF(AND(VLOOKUP(C6,Codes!$J$8:$O$117,4,FALSE)="Global",H6<>""),"Global type: leave region blank",IF(AND(VLOOKUP(C6,Codes!$J$8:$O$117,4,FALSE)<>"Global",H6=""),"Region required",IF(AND(VLOOKUP(C6,Codes!$J$8:$O$117,5,FALSE)="Required",J6=""),"Qualifier required",IF(AND(VLOOKUP(C6,Codes!$J$8:$O$117,5,FALSE)="None",J6<>""),"This type takes no qualifier",IF(AND(J6<>"",VLOOKUP(C6,Codes!$J$8:$O$117,6,FALSE)<>"-",ISERROR(SEARCH(", "&J6&",",", "&VLOOKUP(C6,Codes!$J$8:$O$117,6,FALSE)&","))),"Qualifier not in allowed list",IF(COUNTIF($M$5:$M$304,M6)>1,"Duplicate name","OK"))))))))) -> OK | O6: db01 | P6: Draft | Q6: EXAMPLE - subnet DNS label = <qual><nn>
A7: RES-003 | B7: D-02 | C7: vm | D7: =IF(C7="","",IFERROR(VLOOKUP(C7,Codes!$J$8:$O$117,2,FALSE),"Unknown type")) -> VM instance | E7: Core banking application server | F7: cmr-prd-cbs | G7: prd | H7: cas | I7: cbs | J7: ol | K7: =IF(C7="","",IFERROR(VLOOKUP(C7,Codes!$J$8:$O$117,6,FALSE),"")) -> ol, rhel, win, ubu | L7: 1 | M7: =IF(C7="","",LOWER(Codes!$B$4&"-"&G7&IF(H7="","","-"&H7)&"-"&C7&"-"&I7&IF(J7="","","-"&J7)&"-"&IF(L7="","01",TEXT(L7,"00")))) -> cmr-prd-cas-vm-cbs-ol-01 | N7: =IF(C7="","",IF(ISNA(MATCH(C7,Codes!$J$8:$J$117,0)),"Unknown type code",IF(OR(G7="",I7=""),"Env and app required",IF(AND(VLOOKUP(C7,Codes!$J$8:$O$117,4,FALSE)="Global",H7<>""),"Global type: leave region blank",IF(AND(VLOOKUP(C7,Codes!$J$8:$O$117,4,FALSE)<>"Global",H7=""),"Region required",IF(AND(VLOOKUP(C7,Codes!$J$8:$O$117,5,FALSE)="Required",J7=""),"Qualifier required",IF(AND(VLOOKUP(C7,Codes!$J$8:$O$117,5,FALSE)="None",J7<>""),"This type takes no qualifier",IF(AND(J7<>"",VLOOKUP(C7,Codes!$J$8:$O$117,6,FALSE)<>"-",ISERROR(SEARCH(", "&J7&",",", "&VLOOKUP(C7,Codes!$J$8:$O$117,6,FALSE)&","))),"Qualifier not in allowed list",IF(COUNTIF($M$5:$M$304,M7)>1,"Duplicate name","OK"))))))))) -> OK | P7: Draft | Q7: EXAMPLE
A8: RES-004 | B8: D-02 | C8: vm | D8: =IF(C8="","",IFERROR(VLOOKUP(C8,Codes!$J$8:$O$117,2,FALSE),"Unknown type")) -> VM instance | E8: DR copy of RES-003 in Johannesburg | F8: cmr-prd-cbs | G8: prd | H8: jnb | I8: cbs | J8: ol | K8: =IF(C8="","",IFERROR(VLOOKUP(C8,Codes!$J$8:$O$117,6,FALSE),"")) -> ol, rhel, win, ubu | L8: 1 | M8: =IF(C8="","",LOWER(Codes!$B$4&"-"&G8&IF(H8="","","-"&H8)&"-"&C8&"-"&I8&IF(J8="","","-"&J8)&"-"&IF(L8="","01",TEXT(L8,"00")))) -> cmr-prd-jnb-vm-cbs-ol-01 | N8: =IF(C8="","",IF(ISNA(MATCH(C8,Codes!$J$8:$J$117,0)),"Unknown type code",IF(OR(G8="",I8=""),"Env and app required",IF(AND(VLOOKUP(C8,Codes!$J$8:$O$117,4,FALSE)="Global",H8<>""),"Global type: leave region blank",IF(AND(VLOOKUP(C8,Codes!$J$8:$O$117,4,FALSE)<>"Global",H8=""),"Region required",IF(AND(VLOOKUP(C8,Codes!$J$8:$O$117,5,FALSE)="Required",J8=""),"Qualifier required",IF(AND(VLOOKUP(C8,Codes!$J$8:$O$117,5,FALSE)="None",J8<>""),"This type takes no qualifier",IF(AND(J8<>"",VLOOKUP(C8,Codes!$J$8:$O$117,6,FALSE)<>"-",ISERROR(SEARCH(", "&J8&",",", "&VLOOKUP(C8,Codes!$J$8:$O$117,6,FALSE)&","))),"Qualifier not in allowed list",IF(COUNTIF($M$5:$M$304,M8)>1,"Duplicate name","OK"))))))))) -> OK | P8: Draft | Q8: EXAMPLE - DR = prd + other region
A9: RES-005 | B9: D-03 | C9: adb | D9: =IF(C9="","",IFERROR(VLOOKUP(C9,Codes!$J$8:$O$117,2,FALSE),"Unknown type")) -> Autonomous Database (serverless) | E9: Payments UAT database | F9: cmr-npd-pay | G9: uat | H9: cas | I9: pay | J9: atp | K9: =IF(C9="","",IFERROR(VLOOKUP(C9,Codes!$J$8:$O$117,6,FALSE),"")) -> atp, adw, ajd, apx | L9: 1 | M9: =IF(C9="","",LOWER(Codes!$B$4&"-"&G9&IF(H9="","","-"&H9)&"-"&C9&"-"&I9&IF(J9="","","-"&J9)&"-"&IF(L9="","01",TEXT(L9,"00")))) -> cmr-uat-cas-adb-pay-atp-01 | N9: =IF(C9="","",IF(ISNA(MATCH(C9,Codes!$J$8:$J$117,0)),"Unknown type code",IF(OR(G9="",I9=""),"Env and app required",IF(AND(VLOOKUP(C9,Codes!$J$8:$O$117,4,FALSE)="Global",H9<>""),"Global type: leave region blank",IF(AND(VLOOKUP(C9,Codes!$J$8:$O$117,4,FALSE)<>"Global",H9=""),"Region required",IF(AND(VLOOKUP(C9,Codes!$J$8:$O$117,5,FALSE)="Required",J9=""),"Qualifier required",IF(AND(VLOOKUP(C9,Codes!$J$8:$O$117,5,FALSE)="None",J9<>""),"This type takes no qualifier",IF(AND(J9<>"",VLOOKUP(C9,Codes!$J$8:$O$117,6,FALSE)<>"-",ISERROR(SEARCH(", "&J9&",",", "&VLOOKUP(C9,Codes!$J$8:$O$117,6,FALSE)&","))),"Qualifier not in allowed list",IF(COUNTIF($M$5:$M$304,M9)>1,"Duplicate name","OK"))))))))) -> OK | P9: Draft | Q9: EXAMPLE
A10: RES-006 | B10: D-04 | C10: pol | D10: =IF(C10="","",IFERROR(VLOOKUP(C10,Codes!$J$8:$O$117,2,FALSE),"Unknown type")) -> IAM policy | E10: Core banking operators policy | F10: cmr-prd-cbs | G10: prd | I10: cbs | J10: oper | K10: =IF(C10="","",IFERROR(VLOOKUP(C10,Codes!$J$8:$O$117,6,FALSE),"")) -> admin, oper, read, audit, deploy, brkgl | L10: 1 | M10: =IF(C10="","",LOWER(Codes!$B$4&"-"&G10&IF(H10="","","-"&H10)&"-"&C10&"-"&I10&IF(J10="","","-"&J10)&"-"&IF(L10="","01",TEXT(L10,"00")))) -> cmr-prd-pol-cbs-oper-01 | N10: =IF(C10="","",IF(ISNA(MATCH(C10,Codes!$J$8:$J$117,0)),"Unknown type code",IF(OR(G10="",I10=""),"Env and app required",IF(AND(VLOOKUP(C10,Codes!$J$8:$O$117,4,FALSE)="Global",H10<>""),"Global type: leave region blank",IF(AND(VLOOKUP(C10,Codes!$J$8:$O$117,4,FALSE)<>"Global",H10=""),"Region required",IF(AND(VLOOKUP(C10,Codes!$J$8:$O$117,5,FALSE)="Required",J10=""),"Qualifier required",IF(AND(VLOOKUP(C10,Codes!$J$8:$O$117,5,FALSE)="None",J10<>""),"This type takes no qualifier",IF(AND(J10<>"",VLOOKUP(C10,Codes!$J$8:$O$117,6,FALSE)<>"-",ISERROR(SEARCH(", "&J10&",",", "&VLOOKUP(C10,Codes!$J$8:$O$117,6,FALSE)&","))),"Qualifier not in allowed list",IF(COUNTIF($M$5:$M$304,M10)>1,"Duplicate name","OK"))))))))) -> OK | P10: Draft | Q10: EXAMPLE - global type: no region
D11: =IF(C11="","",IFERROR(VLOOKUP(C11,Codes!$J$8:$O$117,2,FALSE),"Unknown type")) | K11: =IF(C11="","",IFERROR(VLOOKUP(C11,Codes!$J$8:$O$117,6,FALSE),"")) | M11: =IF(C11="","",LOWER(Codes!$B$4&"-"&G11&IF(H11="","","-"&H11)&"-"&C11&"-"&I11&IF(J11="","","-"&J11)&"-"&IF(L11="","01",TEXT(L11,"00")))) | N11: =IF(C11="","",IF(ISNA(MATCH(C11,Codes!$J$8:$J$117,0)),"Unknown type code",IF(OR(G11="",I11=""),"Env and app required",IF(AND(VLOOKUP(C11,Codes!$J$8:$O$117,4,FALSE)="Global",H11<>""),"Global type: leave region blank",IF(AND(VLOOKUP(C11,Codes!$J$8:$O$117,4,FALSE)<>"Global",H11=""),"Region required",IF(AND(VLOOKUP(C11,Codes!$J$8:$O$117,5,FALSE)="Required",J11=""),"Qualifier required",IF(AND(VLOOKUP(C11,Codes!$J$8:$O$117,5,FALSE)="None",J11<>""),"This type takes no qualifier",IF(AND(J11<>"",VLOOKUP(C11,Codes!$J$8:$O$117,6,FALSE)<>"-",ISERROR(SEARCH(", "&J11&",",", "&VLOOKUP(C11,Codes!$J$8:$O$117,6,FALSE)&","))),"Qualifier not in allowed list",IF(COUNTIF($M$5:$M$304,M11)>1,"Duplicate name","OK")))))))))
D12: =IF(C12="","",IFERROR(VLOOKUP(C12,Codes!$J$8:$O$117,2,FALSE),"Unknown type")) | K12: =IF(C12="","",IFERROR(VLOOKUP(C12,Codes!$J$8:$O$117,6,FALSE),"")) | M12: =IF(C12="","",LOWER(Codes!$B$4&"-"&G12&IF(H12="","","-"&H12)&"-"&C12&"-"&I12&IF(J12="","","-"&J12)&"-"&IF(L12="","01",TEXT(L12,"00")))) | N12: =IF(C12="","",IF(ISNA(MATCH(C12,Codes!$J$8:$J$117,0)),"Unknown type code",IF(OR(G12="",I12=""),"Env and app required",IF(AND(VLOOKUP(C12,Codes!$J$8:$O$117,4,FALSE)="Global",H12<>""),"Global type: leave region blank",IF(AND(VLOOKUP(C12,Codes!$J$8:$O$117,4,FALSE)<>"Global",H12=""),"Region required",IF(AND(VLOOKUP(C12,Codes!$J$8:$O$117,5,FALSE)="Required",J12=""),"Qualifier required",IF(AND(VLOOKUP(C12,Codes!$J$8:$O$117,5,FALSE)="None",J12<>""),"This type takes no qualifier",IF(AND(J12<>"",VLOOKUP(C12,Codes!$J$8:$O$117,6,FALSE)<>"-",ISERROR(SEARCH(", "&J12&",",", "&VLOOKUP(C12,Codes!$J$8:$O$117,6,FALSE)&","))),"Qualifier not in allowed list",IF(COUNTIF($M$5:$M$304,M12)>1,"Duplicate name","OK")))))))))
D13: =IF(C13="","",IFERROR(VLOOKUP(C13,Codes!$J$8:$O$117,2,FALSE),"Unknown type")) | K13: =IF(C13="","",IFERROR(VLOOKUP(C13,Codes!$J$8:$O$117,6,FALSE),"")) | M13: =IF(C13="","",LOWER(Codes!$B$4&"-"&G13&IF(H13="","","-"&H13)&"-"&C13&"-"&I13&IF(J13="","","-"&J13)&"-"&IF(L13="","01",TEXT(L13,"00")))) | N13: =IF(C13="","",IF(ISNA(MATCH(C13,Codes!$J$8:$J$117,0)),"Unknown type code",IF(OR(G13="",I13=""),"Env and app required",IF(AND(VLOOKUP(C13,Codes!$J$8:$O$117,4,FALSE)="Global",H13<>""),"Global type: leave region blank",IF(AND(VLOOKUP(C13,Codes!$J$8:$O$117,4,FALSE)<>"Global",H13=""),"Region required",IF(AND(VLOOKUP(C13,Codes!$J$8:$O$117,5,FALSE)="Required",J13=""),"Qualifier required",IF(AND(VLOOKUP(C13,Codes!$J$8:$O$117,5,FALSE)="None",J13<>""),"This type takes no qualifier",IF(AND(J13<>"",VLOOKUP(C13,Codes!$J$8:$O$117,6,FALSE)<>"-",ISERROR(SEARCH(", "&J13&",",", "&VLOOKUP(C13,Codes!$J$8:$O$117,6,FALSE)&","))),"Qualifier not in allowed list",IF(COUNTIF($M$5:$M$304,M13)>1,"Duplicate name","OK")))))))))
D14: =IF(C14="","",IFERROR(VLOOKUP(C14,Codes!$J$8:$O$117,2,FALSE),"Unknown type")) | K14: =IF(C14="","",IFERROR(VLOOKUP(C14,Codes!$J$8:$O$117,6,FALSE),"")) | M14: =IF(C14="","",LOWER(Codes!$B$4&"-"&G14&IF(H14="","","-"&H14)&"-"&C14&"-"&I14&IF(J14="","","-"&J14)&"-"&IF(L14="","01",TEXT(L14,"00")))) | N14: =IF(C14="","",IF(ISNA(MATCH(C14,Codes!$J$8:$J$117,0)),"Unknown type code",IF(OR(G14="",I14=""),"Env and app required",IF(AND(VLOOKUP(C14,Codes!$J$8:$O$117,4,FALSE)="Global",H14<>""),"Global type: leave region blank",IF(AND(VLOOKUP(C14,Codes!$J$8:$O$117,4,FALSE)<>"Global",H14=""),"Region required",IF(AND(VLOOKUP(C14,Codes!$J$8:$O$117,5,FALSE)="Required",J14=""),"Qualifier required",IF(AND(VLOOKUP(C14,Codes!$J$8:$O$117,5,FALSE)="None",J14<>""),"This type takes no qualifier",IF(AND(J14<>"",VLOOKUP(C14,Codes!$J$8:$O$117,6,FALSE)<>"-",ISERROR(SEARCH(", "&J14&",",", "&VLOOKUP(C14,Codes!$J$8:$O$117,6,FALSE)&","))),"Qualifier not in allowed list",IF(COUNTIF($M$5:$M$304,M14)>1,"Duplicate name","OK")))))))))
D15: =IF(C15="","",IFERROR(VLOOKUP(C15,Codes!$J$8:$O$117,2,FALSE),"Unknown type")) | K15: =IF(C15="","",IFERROR(VLOOKUP(C15,Codes!$J$8:$O$117,6,FALSE),"")) | M15: =IF(C15="","",LOWER(Codes!$B$4&"-"&G15&IF(H15="","","-"&H15)&"-"&C15&"-"&I15&IF(J15="","","-"&J15)&"-"&IF(L15="","01",TEXT(L15,"00")))) | N15: =IF(C15="","",IF(ISNA(MATCH(C15,Codes!$J$8:$J$117,0)),"Unknown type code",IF(OR(G15="",I15=""),"Env and app required",IF(AND(VLOOKUP(C15,Codes!$J$8:$O$117,4,FALSE)="Global",H15<>""),"Global type: leave region blank",IF(AND(VLOOKUP(C15,Codes!$J$8:$O$117,4,FALSE)<>"Global",H15=""),"Region required",IF(AND(VLOOKUP(C15,Codes!$J$8:$O$117,5,FALSE)="Required",J15=""),"Qualifier required",IF(AND(VLOOKUP(C15,Codes!$J$8:$O$117,5,FALSE)="None",J15<>""),"This type takes no qualifier",IF(AND(J15<>"",VLOOKUP(C15,Codes!$J$8:$O$117,6,FALSE)<>"-",ISERROR(SEARCH(", "&J15&",",", "&VLOOKUP(C15,Codes!$J$8:$O$117,6,FALSE)&","))),"Qualifier not in allowed list",IF(COUNTIF($M$5:$M$304,M15)>1,"Duplicate name","OK")))))))))
D16: =IF(C16="","",IFERROR(VLOOKUP(C16,Codes!$J$8:$O$117,2,FALSE),"Unknown type")) | K16: =IF(C16="","",IFERROR(VLOOKUP(C16,Codes!$J$8:$O$117,6,FALSE),"")) | M16: =IF(C16="","",LOWER(Codes!$B$4&"-"&G16&IF(H16="","","-"&H16)&"-"&C16&"-"&I16&IF(J16="","","-"&J16)&"-"&IF(L16="","01",TEXT(L16,"00")))) | N16: =IF(C16="","",IF(ISNA(MATCH(C16,Codes!$J$8:$J$117,0)),"Unknown type code",IF(OR(G16="",I16=""),"Env and app required",IF(AND(VLOOKUP(C16,Codes!$J$8:$O$117,4,FALSE)="Global",H16<>""),"Global type: leave region blank",IF(AND(VLOOKUP(C16,Codes!$J$8:$O$117,4,FALSE)<>"Global",H16=""),"Region required",IF(AND(VLOOKUP(C16,Codes!$J$8:$O$117,5,FALSE)="Required",J16=""),"Qualifier required",IF(AND(VLOOKUP(C16,Codes!$J$8:$O$117,5,FALSE)="None",J16<>""),"This type takes no qualifier",IF(AND(J16<>"",VLOOKUP(C16,Codes!$J$8:$O$117,6,FALSE)<>"-",ISERROR(SEARCH(", "&J16&",",", "&VLOOKUP(C16,Codes!$J$8:$O$117,6,FALSE)&","))),"Qualifier not in allowed list",IF(COUNTIF($M$5:$M$304,M16)>1,"Duplicate name","OK")))))))))
D17: =IF(C17="","",IFERROR(VLOOKUP(C17,Codes!$J$8:$O$117,2,FALSE),"Unknown type")) | K17: =IF(C17="","",IFERROR(VLOOKUP(C17,Codes!$J$8:$O$117,6,FALSE),"")) | M17: =IF(C17="","",LOWER(Codes!$B$4&"-"&G17&IF(H17="","","-"&H17)&"-"&C17&"-"&I17&IF(J17="","","-"&J17)&"-"&IF(L17="","01",TEXT(L17,"00")))) | N17: =IF(C17="","",IF(ISNA(MATCH(C17,Codes!$J$8:$J$117,0)),"Unknown type code",IF(OR(G17="",I17=""),"Env and app required",IF(AND(VLOOKUP(C17,Codes!$J$8:$O$117,4,FALSE)="Global",H17<>""),"Global type: leave region blank",IF(AND(VLOOKUP(C17,Codes!$J$8:$O$117,4,FALSE)<>"Global",H17=""),"Region required",IF(AND(VLOOKUP(C17,Codes!$J$8:$O$117,5,FALSE)="Required",J17=""),"Qualifier required",IF(AND(VLOOKUP(C17,Codes!$J$8:$O$117,5,FALSE)="None",J17<>""),"This type takes no qualifier",IF(AND(J17<>"",VLOOKUP(C17,Codes!$J$8:$O$117,6,FALSE)<>"-",ISERROR(SEARCH(", "&J17&",",", "&VLOOKUP(C17,Codes!$J$8:$O$117,6,FALSE)&","))),"Qualifier not in allowed list",IF(COUNTIF($M$5:$M$304,M17)>1,"Duplicate name","OK")))))))))
D18: =IF(C18="","",IFERROR(VLOOKUP(C18,Codes!$J$8:$O$117,2,FALSE),"Unknown type")) | K18: =IF(C18="","",IFERROR(VLOOKUP(C18,Codes!$J$8:$O$117,6,FALSE),"")) | M18: =IF(C18="","",LOWER(Codes!$B$4&"-"&G18&IF(H18="","","-"&H18)&"-"&C18&"-"&I18&IF(J18="","","-"&J18)&"-"&IF(L18="","01",TEXT(L18,"00")))) | N18: =IF(C18="","",IF(ISNA(MATCH(C18,Codes!$J$8:$J$117,0)),"Unknown type code",IF(OR(G18="",I18=""),"Env and app required",IF(AND(VLOOKUP(C18,Codes!$J$8:$O$117,4,FALSE)="Global",H18<>""),"Global type: leave region blank",IF(AND(VLOOKUP(C18,Codes!$J$8:$O$117,4,FALSE)<>"Global",H18=""),"Region required",IF(AND(VLOOKUP(C18,Codes!$J$8:$O$117,5,FALSE)="Required",J18=""),"Qualifier required",IF(AND(VLOOKUP(C18,Codes!$J$8:$O$117,5,FALSE)="None",J18<>""),"This type takes no qualifier",IF(AND(J18<>"",VLOOKUP(C18,Codes!$J$8:$O$117,6,FALSE)<>"-",ISERROR(SEARCH(", "&J18&",",", "&VLOOKUP(C18,Codes!$J$8:$O$117,6,FALSE)&","))),"Qualifier not in allowed list",IF(COUNTIF($M$5:$M$304,M18)>1,"Duplicate name","OK")))))))))
D19: =IF(C19="","",IFERROR(VLOOKUP(C19,Codes!$J$8:$O$117,2,FALSE),"Unknown type")) | K19: =IF(C19="","",IFERROR(VLOOKUP(C19,Codes!$J$8:$O$117,6,FALSE),"")) | M19: =IF(C19="","",LOWER(Codes!$B$4&"-"&G19&IF(H19="","","-"&H19)&"-"&C19&"-"&I19&IF(J19="","","-"&J19)&"-"&IF(L19="","01",TEXT(L19,"00")))) | N19: =IF(C19="","",IF(ISNA(MATCH(C19,Codes!$J$8:$J$117,0)),"Unknown type code",IF(OR(G19="",I19=""),"Env and app required",IF(AND(VLOOKUP(C19,Codes!$J$8:$O$117,4,FALSE)="Global",H19<>""),"Global type: leave region blank",IF(AND(VLOOKUP(C19,Codes!$J$8:$O$117,4,FALSE)<>"Global",H19=""),"Region required",IF(AND(VLOOKUP(C19,Codes!$J$8:$O$117,5,FALSE)="Required",J19=""),"Qualifier required",IF(AND(VLOOKUP(C19,Codes!$J$8:$O$117,5,FALSE)="None",J19<>""),"This type takes no qualifier",IF(AND(J19<>"",VLOOKUP(C19,Codes!$J$8:$O$117,6,FALSE)<>"-",ISERROR(SEARCH(", "&J19&",",", "&VLOOKUP(C19,Codes!$J$8:$O$117,6,FALSE)&","))),"Qualifier not in allowed list",IF(COUNTIF($M$5:$M$304,M19)>1,"Duplicate name","OK")))))))))
D20: =IF(C20="","",IFERROR(VLOOKUP(C20,Codes!$J$8:$O$117,2,FALSE),"Unknown type")) | K20: =IF(C20="","",IFERROR(VLOOKUP(C20,Codes!$J$8:$O$117,6,FALSE),"")) | M20: =IF(C20="","",LOWER(Codes!$B$4&"-"&G20&IF(H20="","","-"&H20)&"-"&C20&"-"&I20&IF(J20="","","-"&J20)&"-"&IF(L20="","01",TEXT(L20,"00")))) | N20: =IF(C20="","",IF(ISNA(MATCH(C20,Codes!$J$8:$J$117,0)),"Unknown type code",IF(OR(G20="",I20=""),"Env and app required",IF(AND(VLOOKUP(C20,Codes!$J$8:$O$117,4,FALSE)="Global",H20<>""),"Global type: leave region blank",IF(AND(VLOOKUP(C20,Codes!$J$8:$O$117,4,FALSE)<>"Global",H20=""),"Region required",IF(AND(VLOOKUP(C20,Codes!$J$8:$O$117,5,FALSE)="Required",J20=""),"Qualifier required",IF(AND(VLOOKUP(C20,Codes!$J$8:$O$117,5,FALSE)="None",J20<>""),"This type takes no qualifier",IF(AND(J20<>"",VLOOKUP(C20,Codes!$J$8:$O$117,6,FALSE)<>"-",ISERROR(SEARCH(", "&J20&",",", "&VLOOKUP(C20,Codes!$J$8:$O$117,6,FALSE)&","))),"Qualifier not in allowed list",IF(COUNTIF($M$5:$M$304,M20)>1,"Duplicate name","OK")))))))))
D21: =IF(C21="","",IFERROR(VLOOKUP(C21,Codes!$J$8:$O$117,2,FALSE),"Unknown type")) | K21: =IF(C21="","",IFERROR(VLOOKUP(C21,Codes!$J$8:$O$117,6,FALSE),"")) | M21: =IF(C21="","",LOWER(Codes!$B$4&"-"&G21&IF(H21="","","-"&H21)&"-"&C21&"-"&I21&IF(J21="","","-"&J21)&"-"&IF(L21="","01",TEXT(L21,"00")))) | N21: =IF(C21="","",IF(ISNA(MATCH(C21,Codes!$J$8:$J$117,0)),"Unknown type code",IF(OR(G21="",I21=""),"Env and app required",IF(AND(VLOOKUP(C21,Codes!$J$8:$O$117,4,FALSE)="Global",H21<>""),"Global type: leave region blank",IF(AND(VLOOKUP(C21,Codes!$J$8:$O$117,4,FALSE)<>"Global",H21=""),"Region required",IF(AND(VLOOKUP(C21,Codes!$J$8:$O$117,5,FALSE)="Required",J21=""),"Qualifier required",IF(AND(VLOOKUP(C21,Codes!$J$8:$O$117,5,FALSE)="None",J21<>""),"This type takes no qualifier",IF(AND(J21<>"",VLOOKUP(C21,Codes!$J$8:$O$117,6,FALSE)<>"-",ISERROR(SEARCH(", "&J21&",",", "&VLOOKUP(C21,Codes!$J$8:$O$117,6,FALSE)&","))),"Qualifier not in allowed list",IF(COUNTIF($M$5:$M$304,M21)>1,"Duplicate name","OK")))))))))
D22: =IF(C22="","",IFERROR(VLOOKUP(C22,Codes!$J$8:$O$117,2,FALSE),"Unknown type")) | K22: =IF(C22="","",IFERROR(VLOOKUP(C22,Codes!$J$8:$O$117,6,FALSE),"")) | M22: =IF(C22="","",LOWER(Codes!$B$4&"-"&G22&IF(H22="","","-"&H22)&"-"&C22&"-"&I22&IF(J22="","","-"&J22)&"-"&IF(L22="","01",TEXT(L22,"00")))) | N22: =IF(C22="","",IF(ISNA(MATCH(C22,Codes!$J$8:$J$117,0)),"Unknown type code",IF(OR(G22="",I22=""),"Env and app required",IF(AND(VLOOKUP(C22,Codes!$J$8:$O$117,4,FALSE)="Global",H22<>""),"Global type: leave region blank",IF(AND(VLOOKUP(C22,Codes!$J$8:$O$117,4,FALSE)<>"Global",H22=""),"Region required",IF(AND(VLOOKUP(C22,Codes!$J$8:$O$117,5,FALSE)="Required",J22=""),"Qualifier required",IF(AND(VLOOKUP(C22,Codes!$J$8:$O$117,5,FALSE)="None",J22<>""),"This type takes no qualifier",IF(AND(J22<>"",VLOOKUP(C22,Codes!$J$8:$O$117,6,FALSE)<>"-",ISERROR(SEARCH(", "&J22&",",", "&VLOOKUP(C22,Codes!$J$8:$O$117,6,FALSE)&","))),"Qualifier not in allowed list",IF(COUNTIF($M$5:$M$304,M22)>1,"Duplicate name","OK")))))))))
... D304: =IF(C304="","",IFERROR(VLOOKUP(C304,Codes!$J$8:$O$117,2,FALSE),"Unknown type")) | K304: =IF(C304="","",IFERROR(VLOOKUP(C304,Codes!$J$8:$O$117,6,FALSE),"")) | M304: =IF(C304="","",LOWER(Codes!$B$4&"-"&G304&IF(H304="","","-"&H304)&"-"&C304&"-"&I304&IF(J304="","","-"&J304)&"-"&IF(L304="","01",TEXT(L304,"00")))) | N304: =IF(C304="","",IF(ISNA(MATCH(C304,Codes!$J$8:$J$117,0)),"Unknown type code",IF(OR(G304="",I304=""),"Env and app required",IF(AND(VLOOKUP(C304,Codes!$J$8:$O$117,4,FALSE)="Global",H304<>""),"Global type: leave region blank",IF(AND(VLOOKUP(C304,Codes!$J$8:$O$117,4,FALSE)<>"Global",H304=""),"Region required",IF(AND(VLOOKUP(C304,Codes!$J$8:$O$117,5,FALSE)="Required",J304=""),"Qualifier required",IF(AND(VLOOKUP(C304,Codes!$J$8:$O$117,5,FALSE)="None",J304<>""),"This type takes no qualifier",IF(AND(J304<>"",VLOOKUP(C304,Codes!$J$8:$O$117,6,FALSE)<>"-",ISERROR(SEARCH(", "&J304&",",", "&VLOOKUP(C304,Codes!$J$8:$O$117,6,FALSE)&","))),"Qualifier not in allowed list",IF(COUNTIF($M$5:$M$304,M304)>1,"Duplicate name","OK")))))))))

Sheet Compartments
A1: Compartments
A2: Compartment name = parent name + "-" + segment. No region, no type, no number. Segment: 2-5 lowercase characters.
A4: Root compartment = tenancy (name fixed at sign-up): | E4: <- enter the tenancy name. No resources in root; break-glass admins only.
A6: Level | B6: Parent compartment | C6: Segment | D6: Compartment name | E6: Purpose and owning team | F6: Check
A7: 1 | C7: cmr | D7: =IF(C7="","",IF(B7="",C7,B7&"-"&C7)) -> cmr | F7: =IF(C7="","",IF(OR(LEN(C7)<2,LEN(C7)>5),"Segment must be 2-5 characters",IF(NOT(EXACT(C7,LOWER(C7))),"Lowercase only",IF(COUNTIF($D$7:$D$56,D7)>1,"Duplicate","OK")))) -> OK
A8: 2 | B8: cmr | C8: soc | D8: =IF(C8="","",IF(B8="",C8,B8&"-"&C8)) -> cmr-soc | F8: =IF(C8="","",IF(OR(LEN(C8)<2,LEN(C8)>5),"Segment must be 2-5 characters",IF(NOT(EXACT(C8,LOWER(C8))),"Lowercase only",IF(COUNTIF($D$7:$D$56,D8)>1,"Duplicate","OK")))) -> OK
A9: 2 | B9: cmr | C9: log | D9: =IF(C9="","",IF(B9="",C9,B9&"-"&C9)) -> cmr-log | F9: =IF(C9="","",IF(OR(LEN(C9)<2,LEN(C9)>5),"Segment must be 2-5 characters",IF(NOT(EXACT(C9,LOWER(C9))),"Lowercase only",IF(COUNTIF($D$7:$D$56,D9)>1,"Duplicate","OK")))) -> OK
A10: 2 | B10: cmr | C10: net | D10: =IF(C10="","",IF(B10="",C10,B10&"-"&C10)) -> cmr-net | F10: =IF(C10="","",IF(OR(LEN(C10)<2,LEN(C10)>5),"Segment must be 2-5 characters",IF(NOT(EXACT(C10,LOWER(C10))),"Lowercase only",IF(COUNTIF($D$7:$D$56,D10)>1,"Duplicate","OK")))) -> OK
A11: 2 | B11: cmr | C11: plat | D11: =IF(C11="","",IF(B11="",C11,B11&"-"&C11)) -> cmr-plat | F11: =IF(C11="","",IF(OR(LEN(C11)<2,LEN(C11)>5),"Segment must be 2-5 characters",IF(NOT(EXACT(C11,LOWER(C11))),"Lowercase only",IF(COUNTIF($D$7:$D$56,D11)>1,"Duplicate","OK")))) -> OK
A12: 2 | B12: cmr | C12: cyv | D12: =IF(C12="","",IF(B12="",C12,B12&"-"&C12)) -> cmr-cyv | F12: =IF(C12="","",IF(OR(LEN(C12)<2,LEN(C12)>5),"Segment must be 2-5 characters",IF(NOT(EXACT(C12,LOWER(C12))),"Lowercase only",IF(COUNTIF($D$7:$D$56,D12)>1,"Duplicate","OK")))) -> OK
A13: 2 | B13: cmr | C13: prd | D13: =IF(C13="","",IF(B13="",C13,B13&"-"&C13)) -> cmr-prd | F13: =IF(C13="","",IF(OR(LEN(C13)<2,LEN(C13)>5),"Segment must be 2-5 characters",IF(NOT(EXACT(C13,LOWER(C13))),"Lowercase only",IF(COUNTIF($D$7:$D$56,D13)>1,"Duplicate","OK")))) -> OK
A14: 3 | B14: cmr-prd | C14: net | D14: =IF(C14="","",IF(B14="",C14,B14&"-"&C14)) -> cmr-prd-net | F14: =IF(C14="","",IF(OR(LEN(C14)<2,LEN(C14)>5),"Segment must be 2-5 characters",IF(NOT(EXACT(C14,LOWER(C14))),"Lowercase only",IF(COUNTIF($D$7:$D$56,D14)>1,"Duplicate","OK")))) -> OK
A15: 3 | B15: cmr-prd | C15: cbs | D15: =IF(C15="","",IF(B15="",C15,B15&"-"&C15)) -> cmr-prd-cbs | F15: =IF(C15="","",IF(OR(LEN(C15)<2,LEN(C15)>5),"Segment must be 2-5 characters",IF(NOT(EXACT(C15,LOWER(C15))),"Lowercase only",IF(COUNTIF($D$7:$D$56,D15)>1,"Duplicate","OK")))) -> OK
A16: 3 | B16: cmr-prd | C16: pay | D16: =IF(C16="","",IF(B16="",C16,B16&"-"&C16)) -> cmr-prd-pay | F16: =IF(C16="","",IF(OR(LEN(C16)<2,LEN(C16)>5),"Segment must be 2-5 characters",IF(NOT(EXACT(C16,LOWER(C16))),"Lowercase only",IF(COUNTIF($D$7:$D$56,D16)>1,"Duplicate","OK")))) -> OK
A17: 2 | B17: cmr | C17: npd | D17: =IF(C17="","",IF(B17="",C17,B17&"-"&C17)) -> cmr-npd | F17: =IF(C17="","",IF(OR(LEN(C17)<2,LEN(C17)>5),"Segment must be 2-5 characters",IF(NOT(EXACT(C17,LOWER(C17))),"Lowercase only",IF(COUNTIF($D$7:$D$56,D17)>1,"Duplicate","OK")))) -> OK
A18: 3 | B18: cmr-npd | C18: net | D18: =IF(C18="","",IF(B18="",C18,B18&"-"&C18)) -> cmr-npd-net | F18: =IF(C18="","",IF(OR(LEN(C18)<2,LEN(C18)>5),"Segment must be 2-5 characters",IF(NOT(EXACT(C18,LOWER(C18))),"Lowercase only",IF(COUNTIF($D$7:$D$56,D18)>1,"Duplicate","OK")))) -> OK
A19: 3 | B19: cmr-npd | C19: cbs | D19: =IF(C19="","",IF(B19="",C19,B19&"-"&C19)) -> cmr-npd-cbs | F19: =IF(C19="","",IF(OR(LEN(C19)<2,LEN(C19)>5),"Segment must be 2-5 characters",IF(NOT(EXACT(C19,LOWER(C19))),"Lowercase only",IF(COUNTIF($D$7:$D$56,D19)>1,"Duplicate","OK")))) -> OK
A20: 3 | B20: cmr-npd | C20: pay | D20: =IF(C20="","",IF(B20="",C20,B20&"-"&C20)) -> cmr-npd-pay | F20: =IF(C20="","",IF(OR(LEN(C20)<2,LEN(C20)>5),"Segment must be 2-5 characters",IF(NOT(EXACT(C20,LOWER(C20))),"Lowercase only",IF(COUNTIF($D$7:$D$56,D20)>1,"Duplicate","OK")))) -> OK
D21: =IF(C21="","",IF(B21="",C21,B21&"-"&C21)) | F21: =IF(C21="","",IF(OR(LEN(C21)<2,LEN(C21)>5),"Segment must be 2-5 characters",IF(NOT(EXACT(C21,LOWER(C21))),"Lowercase only",IF(COUNTIF($D$7:$D$56,D21)>1,"Duplicate","OK"))))
D22: =IF(C22="","",IF(B22="",C22,B22&"-"&C22)) | F22: =IF(C22="","",IF(OR(LEN(C22)<2,LEN(C22)>5),"Segment must be 2-5 characters",IF(NOT(EXACT(C22,LOWER(C22))),"Lowercase only",IF(COUNTIF($D$7:$D$56,D22)>1,"Duplicate","OK"))))
D23: =IF(C23="","",IF(B23="",C23,B23&"-"&C23)) | F23: =IF(C23="","",IF(OR(LEN(C23)<2,LEN(C23)>5),"Segment must be 2-5 characters",IF(NOT(EXACT(C23,LOWER(C23))),"Lowercase only",IF(COUNTIF($D$7:$D$56,D23)>1,"Duplicate","OK"))))
D24: =IF(C24="","",IF(B24="",C24,B24&"-"&C24)) | F24: =IF(C24="","",IF(OR(LEN(C24)<2,LEN(C24)>5),"Segment must be 2-5 characters",IF(NOT(EXACT(C24,LOWER(C24))),"Lowercase only",IF(COUNTIF($D$7:$D$56,D24)>1,"Duplicate","OK"))))
D25: =IF(C25="","",IF(B25="",C25,B25&"-"&C25)) | F25: =IF(C25="","",IF(OR(LEN(C25)<2,LEN(C25)>5),"Segment must be 2-5 characters",IF(NOT(EXACT(C25,LOWER(C25))),"Lowercase only",IF(COUNTIF($D$7:$D$56,D25)>1,"Duplicate","OK"))))
D26: =IF(C26="","",IF(B26="",C26,B26&"-"&C26)) | F26: =IF(C26="","",IF(OR(LEN(C26)<2,LEN(C26)>5),"Segment must be 2-5 characters",IF(NOT(EXACT(C26,LOWER(C26))),"Lowercase only",IF(COUNTIF($D$7:$D$56,D26)>1,"Duplicate","OK"))))
D27: =IF(C27="","",IF(B27="",C27,B27&"-"&C27)) | F27: =IF(C27="","",IF(OR(LEN(C27)<2,LEN(C27)>5),"Segment must be 2-5 characters",IF(NOT(EXACT(C27,LOWER(C27))),"Lowercase only",IF(COUNTIF($D$7:$D$56,D27)>1,"Duplicate","OK"))))
D28: =IF(C28="","",IF(B28="",C28,B28&"-"&C28)) | F28: =IF(C28="","",IF(OR(LEN(C28)<2,LEN(C28)>5),"Segment must be 2-5 characters",IF(NOT(EXACT(C28,LOWER(C28))),"Lowercase only",IF(COUNTIF($D$7:$D$56,D28)>1,"Duplicate","OK"))))
D29: =IF(C29="","",IF(B29="",C29,B29&"-"&C29)) | F29: =IF(C29="","",IF(OR(LEN(C29)<2,LEN(C29)>5),"Segment must be 2-5 characters",IF(NOT(EXACT(C29,LOWER(C29))),"Lowercase only",IF(COUNTIF($D$7:$D$56,D29)>1,"Duplicate","OK"))))
D30: =IF(C30="","",IF(B30="",C30,B30&"-"&C30)) | F30: =IF(C30="","",IF(OR(LEN(C30)<2,LEN(C30)>5),"Segment must be 2-5 characters",IF(NOT(EXACT(C30,LOWER(C30))),"Lowercase only",IF(COUNTIF($D$7:$D$56,D30)>1,"Duplicate","OK"))))
D31: =IF(C31="","",IF(B31="",C31,B31&"-"&C31)) | F31: =IF(C31="","",IF(OR(LEN(C31)<2,LEN(C31)>5),"Segment must be 2-5 characters",IF(NOT(EXACT(C31,LOWER(C31))),"Lowercase only",IF(COUNTIF($D$7:$D$56,D31)>1,"Duplicate","OK"))))
D32: =IF(C32="","",IF(B32="",C32,B32&"-"&C32)) | F32: =IF(C32="","",IF(OR(LEN(C32)<2,LEN(C32)>5),"Segment must be 2-5 characters",IF(NOT(EXACT(C32,LOWER(C32))),"Lowercase only",IF(COUNTIF($D$7:$D$56,D32)>1,"Duplicate","OK"))))
... D56: =IF(C56="","",IF(B56="",C56,B56&"-"&C56)) | F56: =IF(C56="","",IF(OR(LEN(C56)<2,LEN(C56)>5),"Segment must be 2-5 characters",IF(NOT(EXACT(C56,LOWER(C56))),"Lowercase only",IF(COUNTIF($D$7:$D$56,D56)>1,"Duplicate","OK"))))

Sheet Codes
A1: Codes
A2: Approved values from the OCI Naming Standard (cmr). Feeds the drop-downs. Add new app codes only after the Application Register owner approves them.
A4: Organisation | B4: cmr
A6: Environment | D6: Region | G6: Application | J6: Resource types (copied from OCI_Naming_Resource_Type_Codes.xlsx)
A7: Code | B7: Meaning | D7: Code | E7: OCI region | G7: Code | H7: Application | J7: Type code | K7: OCI resource | L7: Area | M7: Scope | N7: Qualifier | O7: Allowed qualifier codes
A8: dev | B8: Development | D8: cas | E8: af-casablanca-1 (primary) | G8: cbs | H8: Core Banking System | J8: Type code | K8: OCI resource | L8: Area | M8: Scope | N8: Qualifier | O8: Allowed qualifier codes (select one)
A9: uat | B9: User acceptance testing | D9: jnb | E9: af-johannesburg-1 (DR) | G9: pay | H9: Payments platform | J9: pol | K9: IAM policy | L9: Identity and governance | M9: Global | N9: Required | O9: admin, oper, read, audit, deploy, brkgl
A10: prd | B10: Production (incl. DR copies) | G10: hub | H10: Network hub (shared - proposed) | J10: grp | K10: IAM group | L10: Identity and governance | M10: Global | N10: Required | O10: admin, oper, read, audit, deploy, brkgl
G11: net | H11: Shared network services (proposed) | J11: dgp | K11: Dynamic group | L11: Identity and governance | M11: Global | N11: Required | O11: fn, vm, oke, adb, dis, dfa, apg
G12: soc | H12: Security tooling (proposed) | J12: idd | K12: Identity domain | L12: Identity and governance | M12: Global | N12: None | O12: -
G13: obs | H13: Observability (proposed) | J13: qta | K13: Quota policy | L13: Identity and governance | M13: Global | N13: None | O13: -
G14: kms | H14: Key management (proposed) | J14: bgt | K14: Budget | L14: Identity and governance | M14: Global | N14: None | O14: -
J15: szn | K15: Security zone | L15: Identity and governance | M15: Global | N15: None | O15: -
J16: cgt | K16: Cloud Guard target | L16: Identity and governance | M16: Global | N16: None | O16: -
J17: vcn | K17: Virtual cloud network | L17: Networking | M17: Regional | N17: None | O17: -
J18: snt | K18: Subnet | L18: Networking | M18: Regional | N18: Required | O18: dmz, lb, web, app, db, wrk, kapi, pod, mgmt, pe, fw, itg
J19: nsg | K19: Network security group | L19: Networking | M19: Regional | N19: Required | O19: dmz, lb, web, app, db, wrk, kapi, pod, mgmt, pe, fw, itg
J20: scl | K20: Security list | L20: Networking | M20: Regional | N20: Required | O20: dmz, lb, web, app, db, wrk, kapi, pod, mgmt, pe, fw, itg
J21: rtb | K21: Route table | L21: Networking | M21: Regional | N21: Required | O21: dmz, lb, web, app, db, wrk, kapi, pod, mgmt, pe, fw, itg, drg, igw
J22: dho | K22: DHCP options | L22: Networking | M22: Regional | N22: None | O22: -
J23: drg | K23: Dynamic routing gateway | L23: Networking | M23: Regional | N23: None | O23: -
J24: dra | K24: DRG attachment | L24: Networking | M24: Regional | N24: Required | O24: vcn, fcv, ips, rpc
J25: drt | K25: DRG route table / distribution | L25: Networking | M25: Regional | N25: None | O25: -
J26: igw | K26: Internet gateway | L26: Networking | M26: Regional | N26: None | O26: -
... J117: dpg | K117: Full Stack DR protection group | L117: DevOps and disaster recovery | M117: Regional | N117: None | O117: -

Sheet Change Log
A1: Change Log
A3: Version | B3: Date | C3: Author | D3: Change | E3: Approved by
A4: 0.1 | B4: 46300 | D4: Template created
